Workbook

Sheet KALKULATOR
B2: KALKULATOR DOZIRANJA
B4: KAPACITET PERILICE (KG) | C4: 100
B6: PROGRAM | C6: POSTELJINA OTKUHAVANJE
B7: POPUST (%)
B9: FAZA | C9: PROIZVOD | D9: DOZA (g/kg) | E9: KOLIČINA (g) | F9: CIJENA | G9: PUNA CIJENA
B10: =IFERROR(VLOOKUP($C$6&"|1",PROGRAM!$J$2:$M$54,2,FALSE),"") -> GLAVNO PRANJE | C10: =IFERROR(VLOOKUP($C$6&"|1",PROGRAM!$J$2:$M$54,3,FALSE),"") -> BASIC | D10: =IFERROR(VLOOKUP($C$6&"|1",PROGRAM!$J$2:$M$54,4,FALSE),"") -> 5 | E10: =IF(D10="","",D10*$C$4) -> 500 | F10: =IF(C10="","",E10*SUMIF(PROIZVODI!$A$2:$A$6,C10,PROIZVODI!$G$2:$G$6)) -> 2.7472527 | G10: =IF(C10="","",E10*SUMIF(PROIZVODI!$A$2:$A$6,C10,PROIZVODI!$D$2:$D$6)) -> 2.7472527
B11: =IFERROR(VLOOKUP($C$6&"|2",PROGRAM!$J$2:$M$54,2,FALSE),"") -> GLAVNO PRANJE | C11: =IFERROR(VLOOKUP($C$6&"|2",PROGRAM!$J$2:$M$54,3,FALSE),"") -> SURF | D11: =IFERROR(VLOOKUP($C$6&"|2",PROGRAM!$J$2:$M$54,4,FALSE),"") -> 3.5 | E11: =IF(D11="","",D11*$C$4) -> 350 | F11: =IF(C11="","",E11*SUMIF(PROIZVODI!$A$2:$A$6,C11,PROIZVODI!$G$2:$G$6)) -> 2.2580645 | G11: =IF(C11="","",E11*SUMIF(PROIZVODI!$A$2:$A$6,C11,PROIZVODI!$D$2:$D$6)) -> 2.2580645
B12: =IFERROR(VLOOKUP($C$6&"|3",PROGRAM!$J$2:$M$54,2,FALSE),"") -> GLAVNO PRANJE | C12: =IFERROR(VLOOKUP($C$6&"|3",PROGRAM!$J$2:$M$54,3,FALSE),"") -> OXYGEN | D12: =IFERROR(VLOOKUP($C$6&"|3",PROGRAM!$J$2:$M$54,4,FALSE),"") -> 7 | E12: =IF(D12="","",D12*$C$4) -> 700 | F12: =IF(C12="","",E12*SUMIF(PROIZVODI!$A$2:$A$6,C12,PROIZVODI!$G$2:$G$6)) -> 4.1176471 | G12: =IF(C12="","",E12*SUMIF(PROIZVODI!$A$2:$A$6,C12,PROIZVODI!$D$2:$D$6)) -> 4.1176471
B13: =IFERROR(VLOOKUP($C$6&"|4",PROGRAM!$J$2:$M$54,2,FALSE),"") -> ISPIRANJE | C13: =IFERROR(VLOOKUP($C$6&"|4",PROGRAM!$J$2:$M$54,3,FALSE),"") -> SOFT | D13: =IFERROR(VLOOKUP($C$6&"|4",PROGRAM!$J$2:$M$54,4,FALSE),"") -> 5.5 | E13: =IF(D13="","",D13*$C$4) -> 550 | F13: =IF(C13="","",E13*SUMIF(PROIZVODI!$A$2:$A$6,C13,PROIZVODI!$G$2:$G$6)) -> 3.6666667 | G13: =IF(C13="","",E13*SUMIF(PROIZVODI!$A$2:$A$6,C13,PROIZVODI!$D$2:$D$6)) -> 3.6666667
B14: =IFERROR(VLOOKUP($C$6&"|5",PROGRAM!$J$2:$M$54,2,FALSE),"") | C14: =IFERROR(VLOOKUP($C$6&"|5",PROGRAM!$J$2:$M$54,3,FALSE),"") | D14: =IFERROR(VLOOKUP($C$6&"|5",PROGRAM!$J$2:$M$54,4,FALSE),"") | E14: =IF(D14="","",D14*$C$4) | F14: =IF(C14="","",E14*SUMIF(PROIZVODI!$A$2:$A$6,C14,PROIZVODI!$G$2:$G$6)) | G14: =IF(C14="","",E14*SUMIF(PROIZVODI!$A$2:$A$6,C14,PROIZVODI!$D$2:$D$6))
B15: =IFERROR(VLOOKUP($C$6&"|6",PROGRAM!$J$2:$M$54,2,FALSE),"") | C15: =IFERROR(VLOOKUP($C$6&"|6",PROGRAM!$J$2:$M$54,3,FALSE),"") | D15: =IFERROR(VLOOKUP($C$6&"|6",PROGRAM!$J$2:$M$54,4,FALSE),"") | E15: =IF(D15="","",D15*$C$4) | F15: =IF(C15="","",E15*SUMIF(PROIZVODI!$A$2:$A$6,C15,PROIZVODI!$G$2:$G$6)) | G15: =IF(C15="","",E15*SUMIF(PROIZVODI!$A$2:$A$6,C15,PROIZVODI!$D$2:$D$6))
B16: =IFERROR(VLOOKUP($C$6&"|7",PROGRAM!$J$2:$M$54,2,FALSE),"") | C16: =IFERROR(VLOOKUP($C$6&"|7",PROGRAM!$J$2:$M$54,3,FALSE),"") | D16: =IFERROR(VLOOKUP($C$6&"|7",PROGRAM!$J$2:$M$54,4,FALSE),"") | E16: =IF(D16="","",D16*$C$4) | F16: =IF(C16="","",E16*SUMIF(PROIZVODI!$A$2:$A$6,C16,PROIZVODI!$G$2:$G$6)) | G16: =IF(C16="","",E16*SUMIF(PROIZVODI!$A$2:$A$6,C16,PROIZVODI!$D$2:$D$6))
B17: =IFERROR(VLOOKUP($C$6&"|8",PROGRAM!$J$2:$M$54,2,FALSE),"") | C17: =IFERROR(VLOOKUP($C$6&"|8",PROGRAM!$J$2:$M$54,3,FALSE),"") | D17: =IFERROR(VLOOKUP($C$6&"|8",PROGRAM!$J$2:$M$54,4,FALSE),"") | E17: =IF(D17="","",D17*$C$4) | F17: =IF(C17="","",E17*SUMIF(PROIZVODI!$A$2:$A$6,C17,PROIZVODI!$G$2:$G$6)) | G17: =IF(C17="","",E17*SUMIF(PROIZVODI!$A$2:$A$6,C17,PROIZVODI!$D$2:$D$6))
B18: =IFERROR(VLOOKUP($C$6&"|9",PROGRAM!$J$2:$M$54,2,FALSE),"") | C18: =IFERROR(VLOOKUP($C$6&"|9",PROGRAM!$J$2:$M$54,3,FALSE),"") | D18: =IFERROR(VLOOKUP($C$6&"|9",PROGRAM!$J$2:$M$54,4,FALSE),"") | E18: =IF(D18="","",D18*$C$4) | F18: =IF(C18="","",E18*SUMIF(PROIZVODI!$A$2:$A$6,C18,PROIZVODI!$G$2:$G$6)) | G18: =IF(C18="","",E18*SUMIF(PROIZVODI!$A$2:$A$6,C18,PROIZVODI!$D$2:$D$6))
B19: =IFERROR(VLOOKUP($C$6&"|10",PROGRAM!$J$2:$M$54,2,FALSE),"") | C19: =IFERROR(VLOOKUP($C$6&"|10",PROGRAM!$J$2:$M$54,3,FALSE),"") | D19: =IFERROR(VLOOKUP($C$6&"|10",PROGRAM!$J$2:$M$54,4,FALSE),"") | E19: =IF(D19="","",D19*$C$4) | F19: =IF(C19="","",E19*SUMIF(PROIZVODI!$A$2:$A$6,C19,PROIZVODI!$G$2:$G$6)) | G19: =IF(C19="","",E19*SUMIF(PROIZVODI!$A$2:$A$6,C19,PROIZVODI!$D$2:$D$6))
D21: PUNA CIJENA | F21: =SUM(G10:G19) -> 12.789631
D22: POPUST (%) | F22: =$C$7 -> 0
D23: ZA NAPLATU | F23: =SUM(F10:F19) -> 12.789631

Sheet PROGRAM
A1: PROGRAM | B1: FAZA | C1: PROIZVOD | D1: DOZA (g/kg) | E1: NAPOMENA | G1: Popis programa | H1: KLJUČ | J1: KLJUČ | K1: FAZA | L1: PROIZVOD | M1: DOZA (g/kg)
A2: POSTELJINA OTKUHAVANJE | B2: GLAVNO PRANJE | C2: BASIC | D2: 5 | G2: POSTELJINA OTKUHAVANJE | H2: =A2&"|"&COUNTIF($A$2:A2,A2) -> POSTELJINA OTKUHAVANJE|1 | J2: =A2&"|"&COUNTIF($A$2:A2,A2) -> POSTELJINA OTKUHAVANJE|1 | K2: =B2 -> GLAVNO PRANJE | L2: =C2 -> BASIC | M2: =D2 -> 5 | R2: IDEJE ZA NAZIVE
A3: POSTELJINA OTKUHAVANJE | B3: GLAVNO PRANJE | C3: SURF | D3: 3.5 | G3: POSTELJINA PREDPRANJE | H3: =A3&"|"&COUNTIF($A$2:A3,A3) -> POSTELJINA OTKUHAVANJE|2 | J3: =A3&"|"&COUNTIF($A$2:A3,A3) -> POSTELJINA OTKUHAVANJE|2 | K3: =B3 -> GLAVNO PRANJE | L3: =C3 -> SURF | M3: =D3 -> 3.5
A4: POSTELJINA OTKUHAVANJE | B4: GLAVNO PRANJE | C4: OXYGEN | D4: 7 | G4: POSTELJINA JAKO PRLJAVO/KLOR | H4: =A4&"|"&COUNTIF($A$2:A4,A4) -> POSTELJINA OTKUHAVANJE|3 | J4: =A4&"|"&COUNTIF($A$2:A4,A4) -> POSTELJINA OTKUHAVANJE|3 | K4: =B4 -> GLAVNO PRANJE | L4: =C4 -> OXYGEN | M4: =D4 -> 7 | U4: DA
A5: POSTELJINA OTKUHAVANJE | B5: ISPIRANJE | C5: SOFT | D5: 5.5 | G5: BIJELI STOLJNJACI/KUHINJA | H5: =A5&"|"&COUNTIF($A$2:A5,A5) -> POSTELJINA OTKUHAVANJE|4 | J5: =A5&"|"&COUNTIF($A$2:A5,A5) -> POSTELJINA OTKUHAVANJE|4 | K5: =B5 -> ISPIRANJE | L5: =C5 -> SOFT | M5: =D5 -> 5.5 | U5: DA
A6: POSTELJINA PREDPRANJE | B6: PREDPRANJE | C6: BASIC | D6: 3.5 | G6: STOLJNJACI U BOJI | H6: =A6&"|"&COUNTIF($A$2:A6,A6) -> POSTELJINA PREDPRANJE|1 | J6: =A6&"|"&COUNTIF($A$2:A6,A6) -> POSTELJINA PREDPRANJE|1 | K6: =B6 -> PREDPRANJE | L6: =C6 -> BASIC | M6: =D6 -> 3.5 | U6: DA
A7: POSTELJINA PREDPRANJE | B7: PREDPRANJE | C7: SURF | D7: 3 | G7: ODJEĆA U BOJI | H7: =A7&"|"&COUNTIF($A$2:A7,A7) -> POSTELJINA PREDPRANJE|2 | J7: =A7&"|"&COUNTIF($A$2:A7,A7) -> POSTELJINA PREDPRANJE|2 | K7: =B7 -> PREDPRANJE | L7: =C7 -> SURF | M7: =D7 -> 3 | U7: DA
A8: POSTELJINA PREDPRANJE | B8: PREDPRANJE | C8: CHLOR | D8: 0 | G8: ZAVJESE | H8: =A8&"|"&COUNTIF($A$2:A8,A8) -> POSTELJINA PREDPRANJE|3 | J8: =A8&"|"&COUNTIF($A$2:A8,A8) -> POSTELJINA PREDPRANJE|3 | K8: =B8 -> PREDPRANJE | L8: =C8 -> CHLOR | M8: =D8 -> 0 | U8: DA
A9: POSTELJINA PREDPRANJE | B9: GLAVNO PRANJE | C9: BASIC | D9: 5 | G9: OSJETLJIVO | H9: =A9&"|"&COUNTIF($A$2:A9,A9) -> POSTELJINA PREDPRANJE|4 | J9: =A9&"|"&COUNTIF($A$2:A9,A9) -> POSTELJINA PREDPRANJE|4 | K9: =B9 -> GLAVNO PRANJE | L9: =C9 -> BASIC | M9: =D9 -> 5
A10: POSTELJINA PREDPRANJE | B10: GLAVNO PRANJE | C10: SURF | D10: 3.5 | G10: KRVAVO/FEKALNO | H10: =A10&"|"&COUNTIF($A$2:A10,A10) -> POSTELJINA PREDPRANJE|5 | J10: =A10&"|"&COUNTIF($A$2:A10,A10) -> POSTELJINA PREDPRANJE|5 | K10: =B10 -> GLAVNO PRANJE | L10: =C10 -> SURF | M10: =D10 -> 3.5
A11: POSTELJINA PREDPRANJE | B11: GLAVNO PRANJE | C11: OXYGEN | D11: 7 | H11: =A11&"|"&COUNTIF($A$2:A11,A11) -> POSTELJINA PREDPRANJE|6 | J11: =A11&"|"&COUNTIF($A$2:A11,A11) -> POSTELJINA PREDPRANJE|6 | K11: =B11 -> GLAVNO PRANJE | L11: =C11 -> OXYGEN | M11: =D11 -> 7
A12: POSTELJINA PREDPRANJE | B12: ISPIRANJE | C12: SOFT | D12: 5.5 | H12: =A12&"|"&COUNTIF($A$2:A12,A12) -> POSTELJINA PREDPRANJE|7 | J12: =A12&"|"&COUNTIF($A$2:A12,A12) -> POSTELJINA PREDPRANJE|7 | K12: =B12 -> ISPIRANJE | L12: =C12 -> SOFT | M12: =D12 -> 5.5
A13: POSTELJINA JAKO PRLJAVO/KLOR | B13: PREDPRANJE | C13: BASIC | D13: 4 | H13: =A13&"|"&COUNTIF($A$2:A13,A13) -> POSTELJINA JAKO PRLJAVO/KLOR|1 | J13: =A13&"|"&COUNTIF($A$2:A13,A13) -> POSTELJINA JAKO PRLJAVO/KLOR|1 | K13: =B13 -> PREDPRANJE | L13: =C13 -> BASIC | M13: =D13 -> 4
A14: POSTELJINA JAKO PRLJAVO/KLOR | B14: PREDPRANJE | C14: SURF | D14: 3 | H14: =A14&"|"&COUNTIF($A$2:A14,A14) -> POSTELJINA JAKO PRLJAVO/KLOR|2 | J14: =A14&"|"&COUNTIF($A$2:A14,A14) -> POSTELJINA JAKO PRLJAVO/KLOR|2 | K14: =B14 -> PREDPRANJE | L14: =C14 -> SURF | M14: =D14 -> 3
A15: POSTELJINA JAKO PRLJAVO/KLOR | B15: PREDPRANJE | C15: CHLOR | D15: 10 | H15: =A15&"|"&COUNTIF($A$2:A15,A15) -> POSTELJINA JAKO PRLJAVO/KLOR|3 | J15: =A15&"|"&COUNTIF($A$2:A15,A15) -> POSTELJINA JAKO PRLJAVO/KLOR|3 | K15: =B15 -> PREDPRANJE | L15: =C15 -> CHLOR | M15: =D15 -> 10
A16: POSTELJINA JAKO PRLJAVO/KLOR | B16: GLAVNO PRANJE | C16: BASIC | D16: 6 | H16: =A16&"|"&COUNTIF($A$2:A16,A16) -> POSTELJINA JAKO PRLJAVO/KLOR|4 | J16: =A16&"|"&COUNTIF($A$2:A16,A16) -> POSTELJINA JAKO PRLJAVO/KLOR|4 | K16: =B16 -> GLAVNO PRANJE | L16: =C16 -> BASIC | M16: =D16 -> 6
A17: POSTELJINA JAKO PRLJAVO/KLOR | B17: GLAVNO PRANJE | C17: SURF | D17: 4 | H17: =A17&"|"&COUNTIF($A$2:A17,A17) -> POSTELJINA JAKO PRLJAVO/KLOR|5 | J17: =A17&"|"&COUNTIF($A$2:A17,A17) -> POSTELJINA JAKO PRLJAVO/KLOR|5 | K17: =B17 -> GLAVNO PRANJE | L17: =C17 -> SURF | M17: =D17 -> 4
A18: POSTELJINA JAKO PRLJAVO/KLOR | B18: GLAVNO PRANJE | C18: OXYGEN | D18: 7 | H18: =A18&"|"&COUNTIF($A$2:A18,A18) -> POSTELJINA JAKO PRLJAVO/KLOR|6 | J18: =A18&"|"&COUNTIF($A$2:A18,A18) -> POSTELJINA JAKO PRLJAVO/KLOR|6 | K18: =B18 -> GLAVNO PRANJE | L18: =C18 -> OXYGEN | M18: =D18 -> 7
A19: POSTELJINA JAKO PRLJAVO/KLOR | B19: ISPIRANJE | C19: SOFT | D19: 7 | H19: =A19&"|"&COUNTIF($A$2:A19,A19) -> POSTELJINA JAKO PRLJAVO/KLOR|7 | J19: =A19&"|"&COUNTIF($A$2:A19,A19) -> POSTELJINA JAKO PRLJAVO/KLOR|7 | K19: =B19 -> ISPIRANJE | L19: =C19 -> SOFT | M19: =D19 -> 7
A20: BIJELI STOLJNJACI/KUHINJA | B20: PREDPRANJE | C20: BASIC | D20: 4 | H20: =A20&"|"&COUNTIF($A$2:A20,A20) -> BIJELI STOLJNJACI/KUHINJA|1 | J20: =A20&"|"&COUNTIF($A$2:A20,A20) -> BIJELI STOLJNJACI/KUHINJA|1 | K20: =B20 -> PREDPRANJE | L20: =C20 -> BASIC | M20: =D20 -> 4
A21: BIJELI STOLJNJACI/KUHINJA | B21: PREDPRANJE | C21: SURF | D21: 3 | H21: =A21&"|"&COUNTIF($A$2:A21,A21) -> BIJELI STOLJNJACI/KUHINJA|2 | J21: =A21&"|"&COUNTIF($A$2:A21,A21) -> BIJELI STOLJNJACI/KUHINJA|2 | K21: =B21 -> PREDPRANJE | L21: =C21 -> SURF | M21: =D21 -> 3
A22: BIJELI STOLJNJACI/KUHINJA | B22: PREDPRANJE | C22: CHLOR | D22: 12 | H22: =A22&"|"&COUNTIF($A$2:A22,A22) -> BIJELI STOLJNJACI/KUHINJA|3 | J22: =A22&"|"&COUNTIF($A$2:A22,A22) -> BIJELI STOLJNJACI/KUHINJA|3 | K22: =B22 -> PREDPRANJE | L22: =C22 -> CHLOR | M22: =D22 -> 12
... A54: OSJETLJIVO | B54: ISPIRANJE | C54: SOFT | D54: 5 | H54: =A54&"|"&COUNTIF($A$2:A54,A54) -> OSJETLJIVO|7 | J54: =A54&"|"&COUNTIF($A$2:A54,A54) -> OSJETLJIVO|7 | K54: =B54 -> ISPIRANJE | L54: =C54 -> SOFT | M54: =D54 -> 5

Sheet PROIZVODI
A1: PROIZVOD | B1: PAKIRANJE kg | C1: CIJENA | D1: CIJENA PO GRAMU | E1: POPUST (%) | F1: CIJENA S POPUSTOM | G1: CIJENA/g S POPUSTOM
A2: BASIC | B2: 18.2 | C2: 100 | D2: =C2/(B2*1000) -> 0.0054945055 | E2: =KALKULATOR!$C$7 -> 0 | F2: =C2*(1-E2/100) -> 100 | G2: =F2/(B2*1000) -> 0.0054945055
A3: SURF | B3: 15.5 | C3: 100 | D3: =C3/(B3*1000) -> 0.0064516129 | E3: =KALKULATOR!$C$7 -> 0 | F3: =C3*(1-E3/100) -> 100 | G3: =F3/(B3*1000) -> 0.0064516129
A4: CHLOR | B4: 19 | C4: 100 | D4: =C4/(B4*1000) -> 0.0052631579 | E4: =KALKULATOR!$C$7 -> 0 | F4: =C4*(1-E4/100) -> 100 | G4: =F4/(B4*1000) -> 0.0052631579
A5: OXYGEN | B5: 17 | C5: 100 | D5: =C5/(B5*1000) -> 0.0058823529 | E5: =KALKULATOR!$C$7 -> 0 | F5: =C5*(1-E5/100) -> 100 | G5: =F5/(B5*1000) -> 0.0058823529
A6: SOFT | B6: 15 | C6: 100 | D6: =C6/(B6*1000) -> 0.0066666667 | E6: =KALKULATOR!$C$7 -> 0 | F6: =C6*(1-E6/100) -> 100 | G6: =F6/(B6*1000) -> 0.0066666667

Sheet RETRO KALKULACIJA
A1: RETROGRADNA KALKULACIJA POTROŠNJE
A3: PROGRAM | B3: KAPACITET (kg) | C3: BROJ PRANJA | D3: BASIC (kg) | E3: SURF (kg) | F3: CHLOR (kg) | G3: OXYGEN (kg) | H3: SOFT (kg) | I3: UKUPNO (kg) | K3: PROIZVOD | L3: UKUPNO (kg) | M3: PAKIRANJE (kg) | N3: KANISTERA (ekv.) | O3: CIJELIH KANISTERA
A4: POSTELJINA OTKUHAVANJE | B4: 18 | C4: 20 | D4: =SUMIFS(PROGRAM!$D$2:$D$54,PROGRAM!$A$2:$A$54,$A4,PROGRAM!$C$2:$C$54,"BASIC")*$B4*$C4/1000 -> 1.8 | E4: =SUMIFS(PROGRAM!$D$2:$D$54,PROGRAM!$A$2:$A$54,$A4,PROGRAM!$C$2:$C$54,"SURF")*$B4*$C4/1000 -> 1.26 | F4: =SUMIFS(PROGRAM!$D$2:$D$54,PROGRAM!$A$2:$A$54,$A4,PROGRAM!$C$2:$C$54,"CHLOR")*$B4*$C4/1000 -> 0 | G4: =SUMIFS(PROGRAM!$D$2:$D$54,PROGRAM!$A$2:$A$54,$A4,PROGRAM!$C$2:$C$54,"OXYGEN")*$B4*$C4/1000 -> 2.52 | H4: =SUMIFS(PROGRAM!$D$2:$D$54,PROGRAM!$A$2:$A$54,$A4,PROGRAM!$C$2:$C$54,"SOFT")*$B4*$C4/1000 -> 1.98 | I4: =SUM(D4:H4) -> 7.56 | K4: BASIC | L4: =SUM(D$4:D$12) -> 1.8 | M4: =SUMIF(PROIZVODI!$A$2:$A$6,K4,PROIZVODI!$B$2:$B$6) -> 18.2 | N4: =IFERROR(L4/M4,0) -> 0.098901099 | O4: =IF(L4=0,0,ROUNDUP(N4,0)) -> 1
A5: POSTELJINA PREDPRANJE | B5: 33 | C5: 0 | D5: =SUMIFS(PROGRAM!$D$2:$D$54,PROGRAM!$A$2:$A$54,$A5,PROGRAM!$C$2:$C$54,"BASIC")*$B5*$C5/1000 -> 0 | E5: =SUMIFS(PROGRAM!$D$2:$D$54,PROGRAM!$A$2:$A$54,$A5,PROGRAM!$C$2:$C$54,"SURF")*$B5*$C5/1000 -> 0 | F5: =SUMIFS(PROGRAM!$D$2:$D$54,PROGRAM!$A$2:$A$54,$A5,PROGRAM!$C$2:$C$54,"CHLOR")*$B5*$C5/1000 -> 0 | G5: =SUMIFS(PROGRAM!$D$2:$D$54,PROGRAM!$A$2:$A$54,$A5,PROGRAM!$C$2:$C$54,"OXYGEN")*$B5*$C5/1000 -> 0 | H5: =SUMIFS(PROGRAM!$D$2:$D$54,PROGRAM!$A$2:$A$54,$A5,PROGRAM!$C$2:$C$54,"SOFT")*$B5*$C5/1000 -> 0 | I5: =SUM(D5:H5) -> 0 | K5: SURF | L5: =SUM(E$4:E$12) -> 1.26 | M5: =SUMIF(PROIZVODI!$A$2:$A$6,K5,PROIZVODI!$B$2:$B$6) -> 15.5 | N5: =IFERROR(L5/M5,0) -> 0.081290323 | O5: =IF(L5=0,0,ROUNDUP(N5,0)) -> 1
A6: POSTELJINA JAKO PRLJAVO/KLOR | B6: 33 | C6: 0 | D6: =SUMIFS(PROGRAM!$D$2:$D$54,PROGRAM!$A$2:$A$54,$A6,PROGRAM!$C$2:$C$54,"BASIC")*$B6*$C6/1000 -> 0 | E6: =SUMIFS(PROGRAM!$D$2:$D$54,PROGRAM!$A$2:$A$54,$A6,PROGRAM!$C$2:$C$54,"SURF")*$B6*$C6/1000 -> 0 | F6: =SUMIFS(PROGRAM!$D$2:$D$54,PROGRAM!$A$2:$A$54,$A6,PROGRAM!$C$2:$C$54,"CHLOR")*$B6*$C6/1000 -> 0 | G6: =SUMIFS(PROGRAM!$D$2:$D$54,PROGRAM!$A$2:$A$54,$A6,PROGRAM!$C$2:$C$54,"OXYGEN")*$B6*$C6/1000 -> 0 | H6: =SUMIFS(PROGRAM!$D$2:$D$54,PROGRAM!$A$2:$A$54,$A6,PROGRAM!$C$2:$C$54,"SOFT")*$B6*$C6/1000 -> 0 | I6: =SUM(D6:H6) -> 0 | K6: CHLOR | L6: =SUM(F$4:F$12) -> 0 | M6: =SUMIF(PROIZVODI!$A$2:$A$6,K6,PROIZVODI!$B$2:$B$6) -> 19 | N6: =IFERROR(L6/M6,0) -> 0 | O6: =IF(L6=0,0,ROUNDUP(N6,0)) -> 0
A7: BIJELI STOLJNJACI/KUHINJA | B7: 33 | C7: 0 | D7: =SUMIFS(PROGRAM!$D$2:$D$54,PROGRAM!$A$2:$A$54,$A7,PROGRAM!$C$2:$C$54,"BASIC")*$B7*$C7/1000 -> 0 | E7: =SUMIFS(PROGRAM!$D$2:$D$54,PROGRAM!$A$2:$A$54,$A7,PROGRAM!$C$2:$C$54,"SURF")*$B7*$C7/1000 -> 0 | F7: =SUMIFS(PROGRAM!$D$2:$D$54,PROGRAM!$A$2:$A$54,$A7,PROGRAM!$C$2:$C$54,"CHLOR")*$B7*$C7/1000 -> 0 | G7: =SUMIFS(PROGRAM!$D$2:$D$54,PROGRAM!$A$2:$A$54,$A7,PROGRAM!$C$2:$C$54,"OXYGEN")*$B7*$C7/1000 -> 0 | H7: =SUMIFS(PROGRAM!$D$2:$D$54,PROGRAM!$A$2:$A$54,$A7,PROGRAM!$C$2:$C$54,"SOFT")*$B7*$C7/1000 -> 0 | I7: =SUM(D7:H7) -> 0 | K7: OXYGEN | L7: =SUM(G$4:G$12) -> 2.52 | M7: =SUMIF(PROIZVODI!$A$2:$A$6,K7,PROIZVODI!$B$2:$B$6) -> 17 | N7: =IFERROR(L7/M7,0) -> 0.14823529 | O7: =IF(L7=0,0,ROUNDUP(N7,0)) -> 1
A8: STOLJNJACI U BOJI | B8: 33 | C8: 0 | D8: =SUMIFS(PROGRAM!$D$2:$D$54,PROGRAM!$A$2:$A$54,$A8,PROGRAM!$C$2:$C$54,"BASIC")*$B8*$C8/1000 -> 0 | E8: =SUMIFS(PROGRAM!$D$2:$D$54,PROGRAM!$A$2:$A$54,$A8,PROGRAM!$C$2:$C$54,"SURF")*$B8*$C8/1000 -> 0 | F8: =SUMIFS(PROGRAM!$D$2:$D$54,PROGRAM!$A$2:$A$54,$A8,PROGRAM!$C$2:$C$54,"CHLOR")*$B8*$C8/1000 -> 0 | G8: =SUMIFS(PROGRAM!$D$2:$D$54,PROGRAM!$A$2:$A$54,$A8,PROGRAM!$C$2:$C$54,"OXYGEN")*$B8*$C8/1000 -> 0 | H8: =SUMIFS(PROGRAM!$D$2:$D$54,PROGRAM!$A$2:$A$54,$A8,PROGRAM!$C$2:$C$54,"SOFT")*$B8*$C8/1000 -> 0 | I8: =SUM(D8:H8) -> 0 | K8: SOFT | L8: =SUM(H$4:H$12) -> 1.98 | M8: =SUMIF(PROIZVODI!$A$2:$A$6,K8,PROIZVODI!$B$2:$B$6) -> 15 | N8: =IFERROR(L8/M8,0) -> 0.132 | O8: =IF(L8=0,0,ROUNDUP(N8,0)) -> 1
A9: ODJEĆA U BOJI | B9: 33 | C9: 0 | D9: =SUMIFS(PROGRAM!$D$2:$D$54,PROGRAM!$A$2:$A$54,$A9,PROGRAM!$C$2:$C$54,"BASIC")*$B9*$C9/1000 -> 0 | E9: =SUMIFS(PROGRAM!$D$2:$D$54,PROGRAM!$A$2:$A$54,$A9,PROGRAM!$C$2:$C$54,"SURF")*$B9*$C9/1000 -> 0 | F9: =SUMIFS(PROGRAM!$D$2:$D$54,PROGRAM!$A$2:$A$54,$A9,PROGRAM!$C$2:$C$54,"CHLOR")*$B9*$C9/1000 -> 0 | G9: =SUMIFS(PROGRAM!$D$2:$D$54,PROGRAM!$A$2:$A$54,$A9,PROGRAM!$C$2:$C$54,"OXYGEN")*$B9*$C9/1000 -> 0 | H9: =SUMIFS(PROGRAM!$D$2:$D$54,PROGRAM!$A$2:$A$54,$A9,PROGRAM!$C$2:$C$54,"SOFT")*$B9*$C9/1000 -> 0 | I9: =SUM(D9:H9) -> 0
A10: ZAVJESE | B10: 33 | C10: 0 | D10: =SUMIFS(PROGRAM!$D$2:$D$54,PROGRAM!$A$2:$A$54,$A10,PROGRAM!$C$2:$C$54,"BASIC")*$B10*$C10/1000 -> 0 | E10: =SUMIFS(PROGRAM!$D$2:$D$54,PROGRAM!$A$2:$A$54,$A10,PROGRAM!$C$2:$C$54,"SURF")*$B10*$C10/1000 -> 0 | F10: =SUMIFS(PROGRAM!$D$2:$D$54,PROGRAM!$A$2:$A$54,$A10,PROGRAM!$C$2:$C$54,"CHLOR")*$B10*$C10/1000 -> 0 | G10: =SUMIFS(PROGRAM!$D$2:$D$54,PROGRAM!$A$2:$A$54,$A10,PROGRAM!$C$2:$C$54,"OXYGEN")*$B10*$C10/1000 -> 0 | H10: =SUMIFS(PROGRAM!$D$2:$D$54,PROGRAM!$A$2:$A$54,$A10,PROGRAM!$C$2:$C$54,"SOFT")*$B10*$C10/1000 -> 0 | I10: =SUM(D10:H10) -> 0 | K10: UKUPNA POTROŠNJA (kg) | L10: =SUM(L4:L8) -> 7.56
A11: OSJETLJIVO | B11: 33 | C11: 0 | D11: =SUMIFS(PROGRAM!$D$2:$D$54,PROGRAM!$A$2:$A$54,$A11,PROGRAM!$C$2:$C$54,"BASIC")*$B11*$C11/1000 -> 0 | E11: =SUMIFS(PROGRAM!$D$2:$D$54,PROGRAM!$A$2:$A$54,$A11,PROGRAM!$C$2:$C$54,"SURF")*$B11*$C11/1000 -> 0 | F11: =SUMIFS(PROGRAM!$D$2:$D$54,PROGRAM!$A$2:$A$54,$A11,PROGRAM!$C$2:$C$54,"CHLOR")*$B11*$C11/1000 -> 0 | G11: =SUMIFS(PROGRAM!$D$2:$D$54,PROGRAM!$A$2:$A$54,$A11,PROGRAM!$C$2:$C$54,"OXYGEN")*$B11*$C11/1000 -> 0 | H11: =SUMIFS(PROGRAM!$D$2:$D$54,PROGRAM!$A$2:$A$54,$A11,PROGRAM!$C$2:$C$54,"SOFT")*$B11*$C11/1000 -> 0 | I11: =SUM(D11:H11) -> 0
A12: KRVAVO/FEKALNO | B12: 33 | C12: 0 | D12: =SUMIFS(PROGRAM!$D$2:$D$54,PROGRAM!$A$2:$A$54,$A12,PROGRAM!$C$2:$C$54,"BASIC")*$B12*$C12/1000 -> 0 | E12: =SUMIFS(PROGRAM!$D$2:$D$54,PROGRAM!$A$2:$A$54,$A12,PROGRAM!$C$2:$C$54,"SURF")*$B12*$C12/1000 -> 0 | F12: =SUMIFS(PROGRAM!$D$2:$D$54,PROGRAM!$A$2:$A$54,$A12,PROGRAM!$C$2:$C$54,"CHLOR")*$B12*$C12/1000 -> 0 | G12: =SUMIFS(PROGRAM!$D$2:$D$54,PROGRAM!$A$2:$A$54,$A12,PROGRAM!$C$2:$C$54,"OXYGEN")*$B12*$C12/1000 -> 0 | H12: =SUMIFS(PROGRAM!$D$2:$D$54,PROGRAM!$A$2:$A$54,$A12,PROGRAM!$C$2:$C$54,"SOFT")*$B12*$C12/1000 -> 0 | I12: =SUM(D12:H12) -> 0
A15: UPORABA: U stupcu B upiši kapacitet perilice za taj program, a u stupcu C broj izvršenih pranja. Potrošnja svakog proizvoda, ukupni kilogrami i broj kanistera izračunavaju se automatski.
